Project Name,Package Name,Type Name,MethodName,LOC,CC,PC
Sistema-Academia,control,Email,abrirConexao,8,1,0
Sistema-Academia,control,Email,getPasswordAuthentication,3,1,0
Sistema-Academia,control,Email,configurarPropriedades,8,1,0
Sistema-Academia,control,Email,comunicarAniversariantes,14,3,0
Sistema-Academia,control,Email,comunicarDevedores,29,3,0
Sistema-Academia,control,Email,enviarEmail,19,2,5
Sistema-Academia,control,Padronizador,padronizarPreco,5,1,1
Sistema-Academia,control,Padronizador,padronizarRg,4,1,1
Sistema-Academia,control,Padronizador,padronizarCpf,4,1,1
Sistema-Academia,control,Padronizador,padronizarCnpj,4,1,1
Sistema-Academia,control,Padronizador,padronizarData,14,1,1
Sistema-Academia,control,Padronizador,padronizarPeso,4,1,1
Sistema-Academia,control,Padronizador,padronizarAltura,4,1,1
Sistema-Academia,control,Padronizador,padronizarPhone,4,1,1
Sistema-Academia,control,Padronizador,padronizarCep,4,1,1
Sistema-Academia,control,PreCarregamento,init,4,1,0
Sistema-Academia,control,PreCarregamento,start,6,1,1
Sistema-Academia,control,PreCarregamento,handleStateChangeNotification,8,2,1
Sistema-Academia,control,SistemaAcademia,start,12,1,1
Sistema-Academia,control,SistemaAcademia,init,10,1,0
Sistema-Academia,control,SistemaAcademia,changeScreen,315,29,1
Sistema-Academia,control,SistemaAcademia,main,3,1,1
Sistema-Academia,control,StartController,initialize,2,1,2
Sistema-Academia,control,TelaAtualizarClienteController,enviarId,3,1,1
Sistema-Academia,control,TelaAtualizarClienteController,initialize,58,4,2
Sistema-Academia,control,TelaAtualizarClienteController,clickCancelar,3,1,1
Sistema-Academia,control,TelaAtualizarClienteController,clickAtualizar,41,3,1
Sistema-Academia,control,TelaAtualizarClienteController,clickExcluir,23,3,1
Sistema-Academia,control,TelaAtualizarClienteController,calcularDataVencimento,17,3,1
Sistema-Academia,control,TelaAtualizarClienteController,buscarIdPlano,12,3,1
Sistema-Academia,control,TelaAtualizarFornecedorController,enviarId,3,1,1
Sistema-Academia,control,TelaAtualizarFornecedorController,initialize,44,3,2
Sistema-Academia,control,TelaAtualizarFornecedorController,clickCancelar,3,1,1
Sistema-Academia,control,TelaAtualizarFornecedorController,clickExcluir,23,3,1
Sistema-Academia,control,TelaAtualizarFornecedorController,clickAtualizar,30,3,1
Sistema-Academia,control,TelaAtualizarFuncionarioController,enviarId,3,1,1
Sistema-Academia,control,TelaAtualizarFuncionarioController,initialize,50,3,2
Sistema-Academia,control,TelaAtualizarFuncionarioController,clickCancelar,3,1,1
Sistema-Academia,control,TelaAtualizarFuncionarioController,clickAtualizar,37,3,1
Sistema-Academia,control,TelaAtualizarFuncionarioController,clickExcluir,23,3,1
Sistema-Academia,control,TelaAtualizarPlanoController,enviarId,3,1,1
Sistema-Academia,control,TelaAtualizarPlanoController,initialize,13,3,2
Sistema-Academia,control,TelaAtualizarPlanoController,clickCancelar,3,1,1
Sistema-Academia,control,TelaAtualizarPlanoController,clickExcluir,23,3,1
Sistema-Academia,control,TelaAtualizarPlanoController,clickAtualizar,24,3,1
Sistema-Academia,control,TelaAtualizarProdutoController,enviarId,3,1,1
Sistema-Academia,control,TelaAtualizarProdutoController,initialize,13,3,2
Sistema-Academia,control,TelaAtualizarProdutoController,clickCancelar,3,1,1
Sistema-Academia,control,TelaAtualizarProdutoController,clickExcluir,23,3,1
Sistema-Academia,control,TelaAtualizarProdutoController,clickAtualizar,24,3,1
Sistema-Academia,control,TelaCadastroClienteController,initialize,35,2,2
Sistema-Academia,control,TelaCadastroClienteController,clickCancelar,3,1,1
Sistema-Academia,control,TelaCadastroClienteController,clickSalvar,61,3,1
Sistema-Academia,control,TelaCadastroClienteController,calcularDataVencimento,17,3,1
Sistema-Academia,control,TelaCadastroClienteController,buscarIdPlano,12,3,1
Sistema-Academia,control,TelaCadastroController,clickHome,3,1,1
Sistema-Academia,control,TelaCadastroController,clickConsultar,3,1,1
Sistema-Academia,control,TelaCadastroController,clickPagamento,3,1,1
Sistema-Academia,control,TelaCadastroController,clickAutorizarAcesso,5,1,1
Sistema-Academia,control,TelaCadastroController,clickRelatorio,3,1,1
Sistema-Academia,control,TelaCadastroController,clickCadastroCliente,3,1,1
Sistema-Academia,control,TelaCadastroController,clickCadastroFuncionario,3,1,1
Sistema-Academia,control,TelaCadastroController,clickCadastroFornecedor,3,1,1
Sistema-Academia,control,TelaCadastroController,clickCadastroProduto,3,1,1
Sistema-Academia,control,TelaCadastroController,clickCadastroVenda,3,1,1
Sistema-Academia,control,TelaCadastroController,clickCadastroPlano,3,1,1
Sistema-Academia,control,TelaCadastroController,initialize,2,1,2
Sistema-Academia,control,TelaCadastroFornecedorController,initialize,28,1,2
Sistema-Academia,control,TelaCadastroFornecedorController,clickCancelar,3,1,1
Sistema-Academia,control,TelaCadastroFornecedorController,clickSalvar,40,3,1
Sistema-Academia,control,TelaCadastroFuncionarioController,initialize,28,1,2
Sistema-Academia,control,TelaCadastroFuncionarioController,clickCancelar,3,1,1
Sistema-Academia,control,TelaCadastroFuncionarioController,clickSalvar,55,3,1
Sistema-Academia,control,TelaCadastroPlanoController,initialize,2,1,2
Sistema-Academia,control,TelaCadastroPlanoController,clickCancelar,3,1,1
Sistema-Academia,control,TelaCadastroPlanoController,clickSalvar,28,3,1
Sistema-Academia,control,TelaCadastroProdutoController,initialize,2,1,2
Sistema-Academia,control,TelaCadastroProdutoController,clickCancelar,3,1,1
Sistema-Academia,control,TelaCadastroProdutoController,clickSalvar,28,3,1
Sistema-Academia,control,TelaCadastroVendaController,initialize,76,7,2
Sistema-Academia,control,TelaCadastroVendaController,handle,21,3,1
Sistema-Academia,control,TelaCadastroVendaController,inserirCaractere,13,3,1
Sistema-Academia,control,TelaCadastroVendaController,clickAdicionar,29,4,1
Sistema-Academia,control,TelaCadastroVendaController,clickRemover,10,2,1
Sistema-Academia,control,TelaCadastroVendaController,clickCancelar,4,1,1
Sistema-Academia,control,TelaCadastroVendaController,clickSalvar,25,4,1
Sistema-Academia,control,TelaCadastroVendaController,buscarIdCliente,11,3,1
Sistema-Academia,control,TelaCadastroVendaController,buscarIdFuncionario,11,3,1
Sistema-Academia,control,TelaConsultaClienteController,initialize,72,3,2
Sistema-Academia,control,TelaConsultaClienteController,inserirCaractere,13,3,1
Sistema-Academia,control,TelaConsultaClienteController,clickCancelar,3,1,1
Sistema-Academia,control,TelaConsultaClienteController,clickEditar,14,2,1
Sistema-Academia,control,TelaConsultaController,clickHome,3,1,1
Sistema-Academia,control,TelaConsultaController,clickCadastrar,3,1,1
Sistema-Academia,control,TelaConsultaController,clickPagamento,3,1,1
Sistema-Academia,control,TelaConsultaController,clickAutorizarAcesso,5,1,1
Sistema-Academia,control,TelaConsultaController,clickRelatorio,3,1,1
Sistema-Academia,control,TelaConsultaController,clickConsultaCliente,3,1,1
Sistema-Academia,control,TelaConsultaController,clickConsultaFuncionario,3,1,1
Sistema-Academia,control,TelaConsultaController,clickConsultaFornecedor,3,1,1
Sistema-Academia,control,TelaConsultaController,clickConsultaProduto,3,1,1
Sistema-Academia,control,TelaConsultaController,clickConsultaPlano,3,1,1
Sistema-Academia,control,TelaConsultaController,initialize,2,1,2
Sistema-Academia,control,TelaConsultaFornecedorController,initialize,38,2,2
Sistema-Academia,control,TelaConsultaFornecedorController,inserirCaractere,13,3,1
Sistema-Academia,control,TelaConsultaFornecedorController,clickCancelar,3,1,1
Sistema-Academia,control,TelaConsultaFornecedorController,clickEditar,14,2,1
Sistema-Academia,control,TelaConsultaFuncionarioController,initialize,57,2,2
Sistema-Academia,control,TelaConsultaFuncionarioController,inserirCaractere,13,3,1
Sistema-Academia,control,TelaConsultaFuncionarioController,clickCancelar,3,1,1
Sistema-Academia,control,TelaConsultaFuncionarioController,clickEditar,14,2,1
Sistema-Academia,control,TelaConsultaPlanoController,initialize,23,2,2
Sistema-Academia,control,TelaConsultaPlanoController,inserirCaractere,13,3,1
Sistema-Academia,control,TelaConsultaPlanoController,clickCancelar,3,1,1
Sistema-Academia,control,TelaConsultaPlanoController,clickEditar,14,2,1
Sistema-Academia,control,TelaConsultaProdutoController,initialize,23,2,2
Sistema-Academia,control,TelaConsultaProdutoController,inserirCaractere,13,3,1
Sistema-Academia,control,TelaConsultaProdutoController,clickCancelar,3,1,1
Sistema-Academia,control,TelaConsultaProdutoController,clickEditar,14,2,1
Sistema-Academia,control,TelaFormaPagamentoController,enviarId,4,1,2
Sistema-Academia,control,TelaFormaPagamentoController,initialize,3,1,2
Sistema-Academia,control,TelaFormaPagamentoController,clickCartão,17,2,1
Sistema-Academia,control,TelaFormaPagamentoController,clickDinheiro,17,2,1
Sistema-Academia,control,TelaFormaPagamentoController,clickCancelar,3,1,1
Sistema-Academia,control,TelaLoginController,initialize,2,1,2
Sistema-Academia,control,TelaLoginController,clickAcesso,24,6,1
Sistema-Academia,control,TelaLoginController,enterCpf,26,7,1
Sistema-Academia,control,TelaLoginController,enterSenha,26,7,1
Sistema-Academia,control,TelaLoginController,enterBotao,23,6,1
Sistema-Academia,control,TelaPagamentoCompraController,enviarTotal,3,1,1
Sistema-Academia,control,TelaPagamentoCompraController,initialize,3,1,2
Sistema-Academia,control,TelaPagamentoCompraController,clickDinheiro,25,3,1
Sistema-Academia,control,TelaPagamentoCompraController,clickCancelar,3,1,1
Sistema-Academia,control,TelaPagamentoCompraController,clickCartão,8,1,1
Sistema-Academia,control,TelaPagamentoController,clickHome,3,1,1
Sistema-Academia,control,TelaPagamentoController,clickCadastrar,3,1,1
Sistema-Academia,control,TelaPagamentoController,clickConsultar,3,1,1
Sistema-Academia,control,TelaPagamentoController,clickAutorizarAcesso,5,1,1
Sistema-Academia,control,TelaPagamentoController,clickRelatorio,3,1,1
Sistema-Academia,control,TelaPagamentoController,initialize,33,3,2
Sistema-Academia,control,TelaPagamentoController,inserirCaractere,13,3,1
Sistema-Academia,control,TelaPagamentoController,clickCancelar,3,1,1
Sistema-Academia,control,TelaPagamentoController,clickRealizarPagamento,15,2,1
Sistema-Academia,control,TelaPagamentoController,calcularDiasRestantes,13,1,1
Sistema-Academia,control,TelaPagamentoController,diferencaData,4,1,3
Sistema-Academia,control,TelaPrincipalController,clickCadastrar,3,1,1
Sistema-Academia,control,TelaPrincipalController,clickConsultar,3,1,1
Sistema-Academia,control,TelaPrincipalController,clickPagamento,3,1,1
Sistema-Academia,control,TelaPrincipalController,clickAutorizarAcesso,5,1,1
Sistema-Academia,control,TelaPrincipalController,clickRelatorio,3,1,1
Sistema-Academia,control,TelaPrincipalController,initialize,2,1,2
Sistema-Academia,control,TelaRelatorioController,initialize,2,1,2
Sistema-Academia,control,TelaRelatorioController,clickHome,3,1,1
Sistema-Academia,control,TelaRelatorioController,clickCadastrar,3,1,1
Sistema-Academia,control,TelaRelatorioController,clickConsultar,3,1,1
Sistema-Academia,control,TelaRelatorioController,clickPagamento,3,1,1
Sistema-Academia,control,TelaRelatorioController,clickAutorizarAcesso,5,1,1
Sistema-Academia,control,TelaRelatorioController,clickRelatorioVenda,3,1,1
Sistema-Academia,control,TelaRelatorioController,clickRelatorioRecebimento,3,1,1
Sistema-Academia,control,TelaRelatorioController,clickRelatorioUltimoAcesso,3,1,1
Sistema-Academia,control,TelaRelatorioRecebimentoController,initialize,30,3,2
Sistema-Academia,control,TelaRelatorioRecebimentoController,clickImprimir,7,1,1
Sistema-Academia,control,TelaRelatorioRecebimentoController,clickConcluir,3,1,1
Sistema-Academia,control,TelaRelatorioUltimoAcessoController,initialize,28,3,2
Sistema-Academia,control,TelaRelatorioUltimoAcessoController,clickImprimir,7,1,1
Sistema-Academia,control,TelaRelatorioUltimoAcessoController,clickConcluir,3,1,1
Sistema-Academia,control,TelaRelatorioVendaController,initialize,24,2,2
Sistema-Academia,control,TelaRelatorioVendaController,clickImprimir,7,1,1
Sistema-Academia,control,TelaRelatorioVendaController,clickConcluir,3,1,1
Sistema-Academia,control,Validador,validName,12,2,3
Sistema-Academia,control,Validador,validDescription,12,2,3
Sistema-Academia,control,Validador,validValue,12,2,3
Sistema-Academia,control,Validador,validDays,12,2,3
Sistema-Academia,control,Validador,validAmount,12,2,3
Sistema-Academia,control,Validador,validRg,12,2,3
Sistema-Academia,control,Validador,validCpf,12,2,3
Sistema-Academia,control,Validador,validCnpj,12,2,3
Sistema-Academia,control,Validador,validData,12,2,3
Sistema-Academia,control,Validador,validWeight,12,2,3
Sistema-Academia,control,Validador,validHeight,12,2,3
Sistema-Academia,control,Validador,validFatRate,12,2,3
Sistema-Academia,control,Validador,validPhone,12,2,3
Sistema-Academia,control,Validador,validCellPhone,12,2,3
Sistema-Academia,control,Validador,validEmail,12,2,3
Sistema-Academia,control,Validador,validDistrict,12,2,3
Sistema-Academia,control,Validador,validCep,12,2,3
Sistema-Academia,control,Validador,validAdress,12,2,3
Sistema-Academia,control,Validador,validComboBox,13,2,3
Sistema-Academia,control,Validador,validCard,12,2,3
Sistema-Academia,control,Validador,validPassword,13,2,3
Sistema-Academia,control,Validador,mostrarMensagem,10,2,3
Sistema-Academia,control,Validador,isInvalidCnpjDigits,3,1,1
Sistema-Academia,control,Validador,calculateDigitCnpj,22,4,2
Sistema-Academia,control,Validador,isInvalidCnpjFormat,3,1,1
Sistema-Academia,control,Validador,isValidCnpj,13,2,1
Sistema-Academia,control,Validador,calculateDigitCpf,19,3,2
Sistema-Academia,control,Validador,isInvalidCpfDigits,3,1,1
Sistema-Academia,control,Validador,isInvalidCpfFormat,3,1,1
Sistema-Academia,control,Validador,isValidCpf,13,2,1
Sistema-Academia,control,Visualizador,visualizarPreco,6,1,1
Sistema-Academia,control,Visualizador,visualizarRg,30,2,1
Sistema-Academia,control,Visualizador,visualizarCpf,18,1,1
Sistema-Academia,control,Visualizador,visualizarCnpj,22,1,1
Sistema-Academia,control,Visualizador,visualizarData,14,1,1
Sistema-Academia,control,Visualizador,visualizarPeso,6,1,1
Sistema-Academia,control,Visualizador,visualizarImc,5,1,1
Sistema-Academia,control,Visualizador,visualizarGorduraCorporalSemPercent,5,1,1
Sistema-Academia,control,Visualizador,visualizarGorduraCorporal,5,1,1
Sistema-Academia,control,Visualizador,visualizarAltura,6,1,1
Sistema-Academia,control,Visualizador,visualizarPhone,17,1,1
Sistema-Academia,control,Visualizador,visualizarCell,18,1,1
Sistema-Academia,control,Visualizador,visualizarCep,13,1,1
Sistema-Academia,control,Visualizador,visualizarSexo,10,2,1
Sistema-Academia,control,Visualizador,visualizarGerente,10,2,1
Sistema-Academia,control,Catraca,Catraca,9,1,2
Sistema-Academia,control,Catraca,initialize,8,1,0
Sistema-Academia,control,Catraca,close,7,2,0
Sistema-Academia,control,Catraca,verificaCatraca,24,4,0
Sistema-Academia,control,Catraca,autorizaAcesso,7,1,0
Sistema-Academia,model,CatracaDAO,CatracaDAO,2,1,0
Sistema-Academia,model,CatracaDAO,getInstance,12,3,0
Sistema-Academia,model,CatracaDAO,verificaExistenciaCartao,41,3,1
Sistema-Academia,model,Cliente,Cliente,10,1,22
Sistema-Academia,model,Cliente,getDiasRestantes,3,1,0
Sistema-Academia,model,Cliente,setDiasRestantes,3,1,1
Sistema-Academia,model,Cliente,getPlano,3,1,0
Sistema-Academia,model,Cliente,setPlano,3,1,1
Sistema-Academia,model,Cliente,getDtVencimento,3,1,0
Sistema-Academia,model,Cliente,setDtVencimento,3,1,1
Sistema-Academia,model,Cliente,getAltura,3,1,0
Sistema-Academia,model,Cliente,setAltura,3,1,1
Sistema-Academia,model,Cliente,getPeso,3,1,0
Sistema-Academia,model,Cliente,setPeso,3,1,1
Sistema-Academia,model,Cliente,getImc,3,1,0
Sistema-Academia,model,Cliente,setImc,3,1,1
Sistema-Academia,model,Cliente,getPorcentagemGorduraCorporal,3,1,0
Sistema-Academia,model,Cliente,setPorcentagemGorduraCorporal,3,1,1
Sistema-Academia,model,Cliente,getUltimoAcesso,3,1,0
Sistema-Academia,model,Cliente,setUltimoAcesso,3,1,1
Sistema-Academia,model,Cliente,getDtVencimentoVisual,3,1,0
Sistema-Academia,model,Cliente,setDtVencimentoVisual,3,1,1
Sistema-Academia,model,Cliente,getAlturaVisual,3,1,0
Sistema-Academia,model,Cliente,setAlturaVisual,3,1,1
Sistema-Academia,model,Cliente,getPesoVisual,3,1,0
Sistema-Academia,model,Cliente,setPesoVisual,3,1,1
Sistema-Academia,model,Cliente,getImcVisual,3,1,0
Sistema-Academia,model,Cliente,setImcVisual,3,1,1
Sistema-Academia,model,Cliente,getPorcentagemGorduraCorporalVisual,3,1,0
Sistema-Academia,model,Cliente,setPorcentagemGorduraCorporalVisual,3,1,1
Sistema-Academia,model,Cliente,getUltimoAcessoVisual,3,1,0
Sistema-Academia,model,Cliente,setUltimoAcessoVisual,3,1,1
Sistema-Academia,model,ClienteDAO,ClienteDAO,2,1,0
Sistema-Academia,model,ClienteDAO,getInstance,22,3,0
Sistema-Academia,model,ClienteDAO,buildObject,9,1,1
Sistema-Academia,model,ClienteDAO,cadastrar,33,2,19
Sistema-Academia,model,ClienteDAO,retrieveGeneric,17,2,1
Sistema-Academia,model,ClienteDAO,retrieveAll,3,1,0
Sistema-Academia,model,ClienteDAO,retrieveLike,3,1,1
Sistema-Academia,model,ClienteDAO,atualizar,36,2,1
Sistema-Academia,model,ClienteDAO,remover,13,2,1
Sistema-Academia,model,ClienteDAO,pagar,13,2,1
Sistema-Academia,model,ContentEmail,ContentEmail,6,1,4
Sistema-Academia,model,ContentEmail,ContentEmail,2,1,0
Sistema-Academia,model,DadosFornecedor,DadosFornecedor,6,1,4
Sistema-Academia,model,DAO,getConnection,4,2,0
Sistema-Academia,model,DAO,getResultSet,5,1,1
Sistema-Academia,model,DAO,executarQuery,5,1,1
Sistema-Academia,model,DAO,terminar,7,1,0
Sistema-Academia,model,Fornecedor,Fornecedor,13,1,11
Sistema-Academia,model,Fornecedor,getDadosFornecedor,3,1,0
Sistema-Academia,model,FornecedorDAO,FornecedorDAO,2,1,0
Sistema-Academia,model,FornecedorDAO,getInstance,22,3,0
Sistema-Academia,model,FornecedorDAO,buildObject,9,1,1
Sistema-Academia,model,FornecedorDAO,cadastrar,24,2,10
Sistema-Academia,model,FornecedorDAO,retrieveGeneric,17,2,1
Sistema-Academia,model,FornecedorDAO,retrieveAll,3,1,0
Sistema-Academia,model,FornecedorDAO,retrieveLike,3,1,1
Sistema-Academia,model,FornecedorDAO,atualizar,25,2,1
Sistema-Academia,model,FornecedorDAO,remover,13,2,1
Sistema-Academia,model,Funcionario,Funcionario,6,1,18
Sistema-Academia,model,Funcionario,getDtAdmissao,3,1,0
Sistema-Academia,model,Funcionario,setDtAdmissao,3,1,1
Sistema-Academia,model,Funcionario,isGerente,3,1,0
Sistema-Academia,model,Funcionario,setGerente,3,1,1
Sistema-Academia,model,Funcionario,getSenha,3,1,0
Sistema-Academia,model,Funcionario,setSenha,3,1,1
Sistema-Academia,model,Funcionario,getDtAdmissaoVisual,3,1,0
Sistema-Academia,model,Funcionario,setDtAdmissaoVisual,3,1,1
Sistema-Academia,model,Funcionario,getGerenteVisual,3,1,0
Sistema-Academia,model,Funcionario,setGerenteVisual,3,1,1
Sistema-Academia,model,FuncionarioDAO,FuncionarioDAO,2,1,0
Sistema-Academia,model,FuncionarioDAO,getInstance,22,3,0
Sistema-Academia,model,FuncionarioDAO,buildObject,9,1,1
Sistema-Academia,model,FuncionarioDAO,cadastrar,31,2,17
Sistema-Academia,model,FuncionarioDAO,retrieveGeneric,17,2,1
Sistema-Academia,model,FuncionarioDAO,retrieveAll,3,1,0
Sistema-Academia,model,FuncionarioDAO,retrieveLike,3,1,1
Sistema-Academia,model,FuncionarioDAO,atualizar,32,2,1
Sistema-Academia,model,FuncionarioDAO,remover,13,2,1
Sistema-Academia,model,Gerente,Gerente,3,1,18
Sistema-Academia,model,Gerente,gerarRelatorio,2,1,0
Sistema-Academia,model,GerenteDAO,GerenteDAO,2,1,0
Sistema-Academia,model,GerenteDAO,getInstance,22,3,0
Sistema-Academia,model,GerenteDAO,buildObject,9,1,1
Sistema-Academia,model,GerenteDAO,cadastrar,31,2,18
Sistema-Academia,model,GerenteDAO,retrieveGeneric,17,2,1
Sistema-Academia,model,GerenteDAO,retrieveAll,3,1,0
Sistema-Academia,model,GerenteDAO,retrieveAllOrderById,3,1,0
Sistema-Academia,model,GerenteDAO,retrieveLike,3,1,1
Sistema-Academia,model,GerenteDAO,retrieveById,8,2,1
Sistema-Academia,model,GerenteDAO,atualizar,31,2,1
Sistema-Academia,model,GerenteDAO,remover,11,1,1
Sistema-Academia,model,ItemCompra,ItemCompra,7,1,5
Sistema-Academia,model,ItemCompra,getId,3,1,0
Sistema-Academia,model,ItemCompra,setId,3,1,1
Sistema-Academia,model,ItemCompra,getNome,3,1,0
Sistema-Academia,model,ItemCompra,setNome,3,1,1
Sistema-Academia,model,ItemCompra,getValorUnitario,3,1,0
Sistema-Academia,model,ItemCompra,setValorUnitario,3,1,1
Sistema-Academia,model,ItemCompra,getQuantidade,3,1,0
Sistema-Academia,model,ItemCompra,setQuantidade,3,1,1
Sistema-Academia,model,ItemCompra,getTotal,3,1,0
Sistema-Academia,model,ItemCompra,setTotal,3,1,1
Sistema-Academia,model,ItemPedido,ItemPedido,5,1,3
Sistema-Academia,model,ItemPedido,getIdVenda,3,1,0
Sistema-Academia,model,ItemPedido,setIdVenda,3,1,1
Sistema-Academia,model,ItemPedido,getIdProduto,3,1,0
Sistema-Academia,model,ItemPedido,setIdProduto,3,1,1
Sistema-Academia,model,ItemPedido,getQtd,3,1,0
Sistema-Academia,model,ItemPedido,setQtd,3,1,1
Sistema-Academia,model,ItemPedidoDAO,ItemPedidoDAO,2,1,0
Sistema-Academia,model,ItemPedidoDAO,getInstance,22,3,0
Sistema-Academia,model,ItemPedidoDAO,buildObject,9,1,1
Sistema-Academia,model,ItemPedidoDAO,cadastrar,17,2,3
Sistema-Academia,model,ItemPedidoDAO,retrieveGeneric,17,2,1
Sistema-Academia,model,ItemPedidoDAO,retrieveAll,3,1,0
Sistema-Academia,model,ItemPedidoDAO,retrieveLike,3,1,1
Sistema-Academia,model,ItemPedidoDAO,atualizar,17,2,1
Sistema-Academia,model,ItemPedidoDAO,remover,14,2,1
Sistema-Academia,model,Pessoa,Pessoa,17,1,15
Sistema-Academia,model,Pessoa,getSexoVisual,3,1,0
Sistema-Academia,model,Pessoa,setSexoVisual,3,1,1
Sistema-Academia,model,Pessoa,getRgVisual,3,1,0
Sistema-Academia,model,Pessoa,setRgVisual,3,1,1
Sistema-Academia,model,Pessoa,getCpfVisual,3,1,0
Sistema-Academia,model,Pessoa,setCpfVisual,3,1,1
Sistema-Academia,model,Pessoa,getDtNascVisual,3,1,0
Sistema-Academia,model,Pessoa,setDtNascVisual,3,1,1
Sistema-Academia,model,Pessoa,getTelefoneVisual,3,1,0
Sistema-Academia,model,Pessoa,setTelefoneVisual,3,1,1
Sistema-Academia,model,Pessoa,getCelularVisual,3,1,0
Sistema-Academia,model,Pessoa,setCelularVisual,3,1,1
Sistema-Academia,model,Pessoa,getCepVisual,3,1,0
Sistema-Academia,model,Pessoa,setCepVisual,3,1,1
Sistema-Academia,model,Pessoa,getId,3,1,0
Sistema-Academia,model,Pessoa,setId,3,1,1
Sistema-Academia,model,Pessoa,getRg,3,1,0
Sistema-Academia,model,Pessoa,setRg,3,1,1
Sistema-Academia,model,Pessoa,getCpf,3,1,0
Sistema-Academia,model,Pessoa,setCpf,3,1,1
Sistema-Academia,model,Pessoa,getNome,3,1,0
Sistema-Academia,model,Pessoa,setNome,3,1,1
Sistema-Academia,model,Pessoa,getSexo,3,1,0
Sistema-Academia,model,Pessoa,setSexo,3,1,1
Sistema-Academia,model,Pessoa,getDtNasc,3,1,0
Sistema-Academia,model,Pessoa,setDtNasc,3,1,1
Sistema-Academia,model,Pessoa,getTelefone,3,1,0
Sistema-Academia,model,Pessoa,setTelefone,3,1,1
Sistema-Academia,model,Pessoa,getCelular,3,1,0
Sistema-Academia,model,Pessoa,setCelular,3,1,1
Sistema-Academia,model,Pessoa,getEmail,3,1,0
Sistema-Academia,model,Pessoa,setEmail,3,1,1
Sistema-Academia,model,Pessoa,getEndereco,3,1,0
Sistema-Academia,model,Pessoa,setEndereco,3,1,1
Sistema-Academia,model,Pessoa,getCep,3,1,0
Sistema-Academia,model,Pessoa,setCep,3,1,1
Sistema-Academia,model,Pessoa,getEstado,3,1,0
Sistema-Academia,model,Pessoa,setEstado,3,1,1
Sistema-Academia,model,Pessoa,getCidade,3,1,0
Sistema-Academia,model,Pessoa,setCidade,3,1,1
Sistema-Academia,model,Pessoa,getBairro,3,1,0
Sistema-Academia,model,Pessoa,setBairro,3,1,1
Sistema-Academia,model,Pessoa,getCartao,3,1,0
Sistema-Academia,model,Pessoa,setCartao,3,1,1
Sistema-Academia,model,Plano,Plano,7,1,5
Sistema-Academia,model,Plano,getValorVisual,3,1,0
Sistema-Academia,model,Plano,setValorVisual,3,1,1
Sistema-Academia,model,Plano,getId,3,1,0
Sistema-Academia,model,Plano,setId,3,1,1
Sistema-Academia,model,Plano,getNome,3,1,0
Sistema-Academia,model,Plano,setNome,3,1,1
Sistema-Academia,model,Plano,getDescricao,3,1,0
Sistema-Academia,model,Plano,setDescricao,3,1,1
Sistema-Academia,model,Plano,getValor,3,1,0
Sistema-Academia,model,Plano,setValor,3,1,1
Sistema-Academia,model,Plano,getVencimento,3,1,0
Sistema-Academia,model,Plano,setVencimento,3,1,1
Sistema-Academia,model,PlanoDAO,PlanoDAO,2,1,0
Sistema-Academia,model,PlanoDAO,getInstance,22,3,0
Sistema-Academia,model,PlanoDAO,buildObject,9,1,1
Sistema-Academia,model,PlanoDAO,cadastrar,16,2,4
Sistema-Academia,model,PlanoDAO,retrieveGeneric,17,2,1
Sistema-Academia,model,PlanoDAO,retrieveAll,3,1,0
Sistema-Academia,model,PlanoDAO,atualizar,19,2,1
Sistema-Academia,model,PlanoDAO,remover,15,2,1
Sistema-Academia,model,Produto,Produto,7,1,5
Sistema-Academia,model,Produto,getId,3,1,0
Sistema-Academia,model,Produto,setId,3,1,1
Sistema-Academia,model,Produto,getNome,3,1,0
Sistema-Academia,model,Produto,setNome,3,1,1
Sistema-Academia,model,Produto,getDescricao,3,1,0
Sistema-Academia,model,Produto,setDescricao,3,1,1
Sistema-Academia,model,Produto,getQtdEstoque,3,1,0
Sistema-Academia,model,Produto,setQtdEstoque,3,1,1
Sistema-Academia,model,Produto,getPreco,3,1,0
Sistema-Academia,model,Produto,setPreco,3,1,1
Sistema-Academia,model,Produto,getPrecoVisual,3,1,0
Sistema-Academia,model,Produto,setPrecoVisual,3,1,1
Sistema-Academia,model,ProdutoDAO,ProdutoDAO,2,1,0
Sistema-Academia,model,ProdutoDAO,getInstance,22,3,0
Sistema-Academia,model,ProdutoDAO,buildObject,9,1,1
Sistema-Academia,model,ProdutoDAO,cadastrar,16,2,4
Sistema-Academia,model,ProdutoDAO,retrieveGeneric,17,2,1
Sistema-Academia,model,ProdutoDAO,retrieveAll,3,1,0
Sistema-Academia,model,ProdutoDAO,retrieveLike,3,1,1
Sistema-Academia,model,ProdutoDAO,atualizar,19,2,1
Sistema-Academia,model,ProdutoDAO,remover,13,2,1
Sistema-Academia,model,Venda,Venda,8,1,6
Sistema-Academia,model,Venda,getTotalVisual,3,1,0
Sistema-Academia,model,Venda,setTotalVisual,3,1,1
Sistema-Academia,model,Venda,getDtVendaVisual,3,1,0
Sistema-Academia,model,Venda,setDtVendaVisual,3,1,1
Sistema-Academia,model,Venda,getIdVenda,3,1,0
Sistema-Academia,model,Venda,setIdVenda,3,1,1
Sistema-Academia,model,Venda,getIdCliente,3,1,0
Sistema-Academia,model,Venda,setIdCliente,3,1,1
Sistema-Academia,model,Venda,getIdFuncionario,3,1,0
Sistema-Academia,model,Venda,setIdFuncionario,3,1,1
Sistema-Academia,model,Venda,getStatus,3,1,0
Sistema-Academia,model,Venda,setStatus,3,1,1
Sistema-Academia,model,Venda,getTotal,3,1,0
Sistema-Academia,model,Venda,setTotal,3,1,1
Sistema-Academia,model,Venda,getDtVenda,3,1,0
Sistema-Academia,model,Venda,setDtVenda,3,1,1
Sistema-Academia,model,VendaDAO,VendaDAO,2,1,0
Sistema-Academia,model,VendaDAO,getInstance,22,3,0
Sistema-Academia,model,VendaDAO,buildObject,9,1,1
Sistema-Academia,model,VendaDAO,cadastrar,14,2,0
Sistema-Academia,model,VendaDAO,retrieveGeneric,17,2,1
Sistema-Academia,model,VendaDAO,retrieveAll,3,1,0
Sistema-Academia,model,VendaDAO,retrieveByDate,3,1,1
Sistema-Academia,model,VendaDAO,atualizar,17,2,3
Sistema-Academia,model,VendaDAO,remover,13,2,1
Sistema-Academia,model,VendaDAO,getUltimoId,17,2,0
Sistema-Academia,utils,utilitis,GetContent,15,2,1
